id,name,email,date_added,mf_file
3,LK9SDF,jsadlkf@gmail.com,1/14/2013 12:04,sdfsad
4,SDF98,jhhiuhiu@gmail.com,1/14/2013 12:04,sdfsad
5,FDSAN8U8,fdsan8u8@gmail.com,1/14/2013 12:04,sdfsad
6,S989SDAF,jsdfsadf@gmail.com,1/14/2013 12:04,sdfsad
7,098SADLJ,jsdfsdfhiu@gmail.com,1/14/2013 12:04,sdfsad
8,098JKUEW,ijienm987@gmail.com,1/14/2013 12:04,sdfsad
9,SDFJ7SFJ,doinmnkj987@gmail.com,1/14/2013 12:04,sdfsad
10,KJSDFL990,kjsdf876786@gmail.com,1/14/2013 12:04,sdfsad
11,SAD898DF,ksdjfsdfj234@gmail.com,1/14/2013 12:04,sdfsad
12,dfsdfd,kjlkjkjj9876@gmail.com,1/14/2013 12:04,sdfsad
